,calories,protein,fat,sodium,fiber,carbo,sugars,potass,vitamins,shelf,weight,cups,rating
count,77.0,77.0,77.0,77.0,77.0,77.0,77.0,77.0,77.0,77.0,77.0,77.0,77.0
mean,106.88311688311688,2.5454545454545454,1.0129870129870129,159.67532467532467,2.1519480519480516,14.597402597402597,6.922077922077922,96.07792207792208,28.246753246753247,2.207792207792208,1.0296103896103894,0.8210389610389613,42.66570498701299
std,19.48411905682084,1.0947897484455338,1.0064725594803927,83.83229524009317,2.3833639643872235,4.278956280325909,4.444885392419359,71.28681250926212,22.342522500566304,0.832524100135788,0.15047679973689215,0.2327161384469139,14.047288743735217
min,50.0,1.0,0.0,0.0,0.0,-1.0,-1.0,-1.0,0.0,1.0,0.5,0.25,18.042851
25%,100.0,2.0,0.0,130.0,1.0,12.0,3.0,40.0,25.0,1.0,1.0,0.67,33.174094
50%,110.0,3.0,1.0,180.0,2.0,14.0,7.0,90.0,25.0,2.0,1.0,0.75,40.400208
75%,110.0,3.0,2.0,210.0,3.0,17.0,11.0,120.0,25.0,3.0,1.0,1.0,50.828392
max,160.0,6.0,5.0,320.0,14.0,23.0,15.0,330.0,100.0,3.0,1.5,1.5,93.704912
